emoji,dominant_label,dominant_count,total_count,joy,trust,fear,surprise,sadness,disgust,anger,anticipation
😭,sadness,43830,97850,14960,8163,7367,4744,43830,5984,2742,10060
🏻,joy,11094,32076,11094,9345,590,818,1672,802,539,7216
🤣,joy,18277,31590,18277,5615,462,913,521,1799,932,3071
😂,joy,13644,23588,13644,4412,383,559,370,1012,638,2570
🙏,joy,4284,13220,4284,3199,663,307,1458,517,224,2568
🫶,joy,4733,13196,4733,4616,35,265,203,32,16,3296
❤,joy,4540,12642,4540,4452,16,246,285,16,22,3065
🥲,sadness,3453,12415,2798,1491,874,421,3453,918,295,2165
🥹,joy,3806,11900,3806,3088,324,614,1289,255,108,2416
🥺,joy,3365,11565,3365,2998,363,300,1853,124,80,2482
🥰,joy,3938,10389,3938,3786,14,191,51,39,24,2346
👍,joy,3969,9975,3969,3178,108,190,301,200,119,1910
✨,joy,3199,9315,3199,2998,16,355,72,21,24,2630
🤍,joy,2830,8060,2830,2758,28,96,159,8,13,2168
😔,sadness,4521,7543,604,471,657,95,4521,348,156,691
💗,joy,2666,7511,2666,2607,73,97,175,5,13,1875
😁,joy,3593,7425,3593,2386,59,78,52,152,112,993
😍,joy,2572,6707,2572,2421,6,260,17,35,18,1378
😅,joy,3077,5953,3077,999,199,156,207,345,186,784
🤭,joy,2526,5796,2526,1448,54,370,114,235,112,937
♀,joy,1625,4799,1625,1316,84,144,160,169,129,1172
💪,joy,1672,4798,1672,1580,21,43,76,16,15,1375
😆,joy,2261,4624,2261,1371,23,84,45,66,47,727
🤤,joy,1803,4555,1803,1407,14,100,34,51,13,1133
😊,joy,1940,4449,1940,1516,21,35,46,54,33,804
💖,joy,1591,4426,1591,1577,5,70,91,1,2,1089
🤗,joy,1692,4418,1692,1540,14,57,67,19,16,1013
😋,joy,1778,4359,1778,1570,15,52,21,32,20,871
🙂,joy,1704,3889,1704,750,108,87,340,219,123,558
☺,joy,1651,3864,1651,1280,35,61,94,67,44,632
🤩,joy,1202,3839,1202,1143,4,668,10,1,3,808
😘,joy,1434,3759,1434,1351,8,41,37,8,15,865
🏼,joy,1266,3630,1266,1056,70,80,240,128,95,695
😌,joy,1511,3535,1511,916,81,56,202,140,77,552
☝,joy,1008,3360,1008,996,71,57,326,193,114,595
🫠,joy,1000,3360,1000,506,206,151,420,287,83,707
💜,joy,1187,3356,1187,1164,5,56,65,11,5,863
😀,joy,1584,3231,1584,815,68,73,82,151,90,368
😩,sadness,1235,3154,459,218,262,84,1235,287,143,466
🔥,joy,1016,3121,1016,871,20,162,29,51,65,907
💚,joy,992,2999,992,863,59,58,257,50,24,696
💐,joy,1015,2938,1015,1008,0,33,6,0,1,875
✅,trust,920,2899,907,920,44,49,102,98,70,709
🙌,joy,880,2497,880,832,10,42,21,7,2,703
💕,joy,907,2466,907,884,7,35,113,7,6,507
🙃,joy,792,2409,792,348,152,75,270,245,108,419
🌷,joy,827,2397,827,820,0,22,12,0,1,715
😢,sadness,1413,2370,184,174,211,32,1413,103,59,194
😉,joy,857,2258,857,780,6,18,10,13,10,564
😄,joy,1109,2240,1109,691,21,25,14,61,28,291
😃,joy,982,2141,982,579,25,44,68,80,38,325
🙆,joy,766,2132,766,738,3,7,12,0,1,605
😇,joy,802,2006,802,590,32,38,54,55,34,401
💙,joy,704,2006,704,665,30,33,92,24,6,452
🤔,anticipation,583,1926,539,323,64,132,77,141,67,583
😻,joy,719,1913,719,689,2,27,11,6,3,456
😎,joy,703,1737,703,576,6,33,20,38,30,331
🥳,joy,616,1726,616,585,6,74,10,7,4,424
💓,trust,619,1696,615,619,1,22,7,2,0,430
🫂,joy,596,1679,596,566,17,20,78,6,4,392
💔,sadness,926,1655,143,105,128,35,926,103,72,143
‼,joy,504,1640,504,472,8,120,47,13,33,443
🌻,joy,558,1633,558,552,0,11,2,0,1,509
😞,sadness,1048,1612,98,103,122,10,1048,82,41,108
😡,anger,803,1579,146,92,34,24,84,249,803,147
🫰,joy,575,1575,575,535,4,47,22,13,9,370
😫,sadness,496,1550,206,116,157,70,496,184,77,244
🥛,joy,526,1507,526,519,1,16,3,0,1,441
☹,sadness,613,1481,218,200,77,14,613,100,87,172
🤲,joy,482,1480,482,422,36,18,115,24,16,367
😵,disgust,298,1460,281,120,165,128,209,298,35,224
😤,anger,569,1401,214,138,34,27,49,190,569,180
🤧,sadness,361,1392,302,177,98,34,361,127,44,249
🥤,joy,483,1366,483,475,0,10,0,2,0,396
💞,joy,480,1341,480,475,1,9,8,2,2,364
✊,trust,439,1336,401,439,20,14,97,46,34,285
🩷,joy,451,1320,451,449,3,9,6,0,3,399
💫,joy,280,1279,280,144,125,95,159,234,30,212
🍽,joy,448,1260,448,421,2,10,0,0,0,379
👋,joy,468,1252,468,436,0,10,14,4,7,313
💨,surprise,416,1238,221,128,52,416,112,85,52,172
✌,joy,482,1206,482,375,20,22,28,34,21,224
👌,joy,468,1173,468,404,6,23,18,10,12,232
😚,joy,474,1172,474,413,2,22,12,3,2,244
🤪,joy,575,1159,575,234,10,40,13,62,54,171
😮,surprise,460,1139,177,84,47,460,111,79,52,129
😣,sadness,312,1138,182,164,90,14,312,125,48,203
😠,anger,561,1119,165,103,24,11,35,115,561,105
👎,disgust,269,1113,168,110,36,17,206,269,200,107
♥,joy,400,1107,400,387,2,16,14,1,0,287
🤮,disgust,638,1043,70,7,39,21,39,638,211,18
🏳,trust,447,1039,225,447,22,4,46,85,51,159
😼,joy,391,1004,391,322,3,23,5,1,7,252
💛,joy,350,998,350,340,1,29,13,1,3,261
🫵,joy,325,990,325,222,7,62,69,42,67,196
🏴,trust,436,980,213,436,17,5,29,81,51,148
💀,disgust,240,977,191,32,103,89,98,240,74,150
🎉,joy,339,966,339,309,6,59,2,1,12,238
💌,joy,342,961,342,323,0,21,3,1,1,270
🌟,trust,321,934,309,321,2,20,6,1,2,273
🐈,joy,284,906,284,210,55,61,116,25,11,144
😱,surprise,293,887,124,51,189,293,34,63,14,119
🏽,joy,305,885,305,252,26,14,51,25,18,194
👊,joy,256,875,256,187,22,25,99,55,67,164
♂,joy,282,870,282,175,25,32,46,73,75,162
🫣,joy,290,862,290,168,35,98,22,50,12,187
😾,joy,272,851,272,218,10,22,27,37,50,215
👉,joy,272,841,272,228,19,44,33,17,14,214
🤡,joy,289,825,289,70,22,23,74,120,71,156
📍,joy,268,825,268,262,6,36,7,8,6,232
🙄,joy,183,796,183,75,36,28,59,139,164,112
😖,sadness,209,795,113,83,81,23,209,129,29,128
👏,joy,293,774,293,246,3,29,10,19,11,163
😬,joy,213,771,213,141,58,24,47,88,32,168
🤏,joy,280,764,280,175,20,24,87,11,19,148
🙈,joy,288,748,288,157,28,33,38,45,27,132
😝,joy,328,746,328,178,7,28,5,56,31,113
🤌,joy,252,745,252,148,26,24,93,39,21,142
😓,sadness,320,732,72,44,96,16,320,57,17,110
💯,trust,245,726,229,245,6,28,9,32,18,159
😥,sadness,385,720,64,48,73,16,385,50,20,64
🤢,disgust,506,718,37,10,38,10,38,506,64,15
👇,joy,222,717,222,178,15,19,15,60,32,176
🌹,joy,263,708,263,250,3,19,11,2,2,158
🖤,joy,250,706,250,235,4,8,30,3,4,172
🍳,joy,251,705,251,223,0,4,1,1,0,225
🐰,joy,273,703,273,211,8,13,5,4,1,188
🤦,disgust,160,686,110,26,45,28,90,160,157,70
⭐,joy,223,677,223,214,3,35,2,2,6,192
😜,joy,325,675,325,139,4,11,8,55,27,106
👀,joy,225,673,225,145,17,80,9,25,11,161
☀,joy,237,673,237,228,1,2,3,0,0,202
🙋,joy,256,663,256,214,3,10,9,13,3,155
🥴,disgust,182,663,152,45,37,27,73,182,41,106
❗,anticipation,190,660,188,186,23,34,3,26,10,190
🌤,joy,225,651,225,224,0,3,2,0,0,197
😽,joy,240,648,240,235,0,13,2,0,0,158
🧸,joy,224,644,224,222,0,3,4,0,2,189
😳,surprise,185,639,160,120,19,185,13,25,6,111
🤝,joy,236,621,236,204,6,10,24,13,7,121
😗,joy,251,614,251,190,3,8,3,9,5,145
🫡,joy,233,614,233,199,3,19,6,12,9,133
🍶,joy,208,603,208,206,0,0,0,0,0,189
💘,joy,223,596,223,208,0,24,7,0,1,133
❣,joy,213,581,213,210,0,7,3,0,1,147
😏,joy,227,579,227,94,18,16,17,46,45,116
💦,joy,221,578,221,98,1,52,5,75,3,123
🤟,joy,226,577,226,179,3,21,12,9,5,122
🤬,anger,251,568,35,13,13,15,21,179,251,41
🌙,joy,193,566,193,189,1,5,3,2,1,172
💟,joy,189,542,189,185,0,0,0,0,0,168
🤙,joy,220,541,220,171,3,16,21,2,1,107
❌,joy,155,539,155,94,26,11,28,60,33,132
🍴,joy,188,534,188,180,0,4,1,0,0,161
😙,joy,209,530,209,196,2,13,3,0,3,104
💃,joy,206,530,206,166,1,18,8,1,3,127
🗿,joy,182,527,182,72,31,38,32,50,37,85
👩,joy,175,525,175,145,15,25,30,10,5,120
☕,joy,202,517,202,179,3,9,5,10,3,106
💝,joy,180,507,180,179,1,5,2,0,0,140
🤯,surprise,168,500,90,59,22,168,22,36,31,72
⛅,joy,170,498,170,170,0,0,0,0,0,158
🌞,joy,180,497,180,159,0,1,1,12,1,143
😿,sadness,156,492,98,79,30,16,156,22,6,85
🐱,joy,221,492,221,174,1,25,1,3,3,64
🖐,joy,155,487,155,137,7,42,35,11,11,89
🧚,joy,178,483,178,175,0,0,3,1,1,125
🥵,joy,141,473,141,71,28,31,22,50,25,105
🖕,anger,208,468,22,7,10,6,21,173,208,21
🎀,joy,164,467,164,163,0,2,1,0,0,137
😑,disgust,113,466,76,19,34,10,104,113,71,39
🍜,joy,179,466,179,163,2,4,1,1,1,115
🏃,joy,168,442,168,105,21,23,7,2,8,108
🌸,joy,153,437,153,151,0,9,1,1,1,121
🍛,joy,166,433,166,160,0,2,1,0,0,104
💋,joy,162,432,162,142,0,8,9,3,1,107
🤘,joy,164,428,164,139,11,5,14,8,2,85
🫢,joy,144,414,144,87,4,38,13,20,9,99
🦋,joy,143,410,143,142,2,4,6,0,0,113
🍫,joy,141,410,141,139,0,0,0,0,0,130
🫧,joy,135,402,135,126,1,32,4,6,0,98
🧡,joy,147,400,147,144,1,3,3,0,0,102
💥,joy,118,395,118,105,9,29,4,10,6,114
🥣,joy,134,392,134,132,0,0,0,0,1,125
✔,joy,154,390,154,125,10,7,6,4,0,84
💭,joy,116,389,116,84,17,10,62,15,4,81
🚨,anticipation,106,388,105,99,15,36,17,9,1,106
😪,sadness,203,384,41,25,38,5,203,27,9,36
🙇,joy,135,383,135,106,2,16,23,3,1,97
😒,anger,137,379,32,15,15,3,60,83,137,34
😲,surprise,123,366,90,82,2,123,2,1,1,65
🧍,joy,109,366,109,62,15,45,25,21,10,79
🤸,joy,145,362,145,102,3,16,14,5,4,73
😺,joy,131,360,131,124,0,1,7,2,2,93
🛵,joy,121,357,121,118,0,2,0,0,1,115
🥞,joy,119,346,119,119,0,3,0,0,0,105
👈,joy,127,346,127,83,6,24,28,8,5,65
🌼,joy,119,345,119,113,0,5,1,0,0,107
🩹,joy,122,341,122,118,0,2,25,0,0,74
😹,joy,164,334,164,85,5,6,8,7,6,53
🕊,joy,113,331,113,110,1,2,4,2,0,99
📌,trust,106,330,87,106,3,12,8,5,7,102
📈,joy,123,328,123,35,10,13,20,7,2,118
👧,joy,115,323,115,102,4,15,7,2,0,78
🐻,joy,131,320,131,113,4,4,3,0,0,65
⬛,joy,90,320,90,61,28,14,58,10,4,55
🍓,joy,116,319,116,111,2,4,3,1,0,82
⚠,anticipation,83,315,35,37,42,34,41,34,9,83
✋,joy,95,311,95,51,6,11,75,11,12,50
😰,fear,114,303,29,13,114,26,34,40,10,37
😴,joy,114,294,114,81,6,3,23,5,5,57
😸,joy,117,293,117,100,0,8,2,3,3,60
💩,disgust,138,293,53,7,12,9,12,138,40,22
🍊,joy,110,292,110,88,0,17,9,0,1,67
🧑,joy,96,290,96,89,3,8,10,2,5,77
🧎,joy,78,277,78,39,20,18,35,20,4,63
😛,joy,131,276,131,72,3,3,2,17,9,39
😶,joy,59,272,59,25,22,13,44,42,21,46
💡,trust,119,267,62,119,3,2,7,17,9,48
❓,joy,84,263,84,67,3,7,8,10,12,72
📦,joy,89,262,89,89,0,9,0,0,0,75
🐶,joy,94,262,94,71,1,4,12,12,13,55
⏱,trust,115,254,56,115,3,1,7,17,9,46
💬,joy,92,253,92,87,0,3,0,0,2,69
🍞,joy,92,252,92,85,0,1,3,0,0,71
🕋,trust,101,251,59,101,6,0,2,22,18,43
🤓,joy,97,248,97,68,6,4,10,4,5,54
🐣,joy,94,245,94,79,2,3,2,0,2,63
✉,joy,90,244,90,85,0,0,0,0,1,68
🍚,joy,93,243,93,70,0,3,7,0,0,70
🛀,joy,85,243,85,85,0,0,0,0,0,73
🩵,joy,88,239,88,87,0,5,0,0,0,59
🐇,joy,82,238,82,80,0,1,2,0,1,72
🙁,sadness,91,237,42,31,11,2,91,27,6,27
🥪,joy,77,236,77,76,0,11,0,0,0,72
🍱,joy,86,236,86,79,0,1,0,0,0,70
🧐,joy,68,234,68,49,7,29,3,5,6,67
🤨,joy,50,232,50,22,8,38,12,26,35,41
😯,joy,63,222,63,59,1,40,2,0,1,56
🆗,joy,67,222,67,67,0,60,0,0,0,28
👻,joy,50,222,50,23,7,31,6,39,33,33
🕺,joy,80,221,80,74,0,4,2,0,0,61
🦊,joy,83,219,83,66,0,9,2,1,0,58
🛁,joy,71,217,71,71,0,30,0,0,0,45
👨,joy,85,216,85,56,6,10,7,1,3,48
🍰,joy,82,215,82,79,0,3,0,1,0,50
🎂,joy,75,214,75,73,0,11,0,0,0,55
🤷,joy,55,212,55,20,9,7,15,40,37,29
📸,joy,66,210,66,66,1,15,0,1,6,55
🐥,joy,71,204,71,68,0,10,2,1,3,49
☁,joy,70,201,70,66,0,0,0,5,2,58
💸,anticipation,71,200,63,42,3,8,10,3,0,71
🐿,joy,76,195,76,59,3,1,2,2,3,49
⁉,joy,56,194,56,52,2,44,6,4,4,26
🧘,joy,60,193,60,52,1,2,4,2,15,57
🍼,joy,78,192,78,73,0,1,3,1,2,34
🍝,joy,71,190,71,66,0,0,0,0,0,53
🍹,joy,75,190,75,73,0,0,0,1,0,41
☑,anticipation,56,188,53,48,4,0,16,6,5,56
😷,joy,41,187,41,31,15,1,23,33,6,37
🥗,joy,63,185,63,62,1,2,1,0,0,56
☠,disgust,45,185,37,15,16,18,9,45,19,26
🍻,joy,79,185,79,37,5,3,7,6,13,35
🙀,joy,52,184,52,43,5,30,4,8,2,40
😐,disgust,39,181,21,10,12,6,25,39,37,31
🤫,joy,76,181,76,40,6,5,5,9,7,33
😨,fear,79,179,13,4,79,21,24,15,3,20
🏿,joy,56,179,56,48,4,2,10,15,6,38
🍎,joy,67,178,67,63,0,2,1,1,0,44
🥶,joy,46,176,46,33,18,21,6,10,1,41
💁,joy,64,173,64,50,2,8,2,9,11,27
🧕,joy,60,173,60,48,5,15,10,5,4,26
❕,anticipation,53,170,52,50,4,7,0,4,0,53
🗯,joy,52,169,52,51,0,36,0,0,0,30
🤎,trust,61,167,60,61,0,5,5,0,0,36
🍀,joy,61,167,61,58,0,1,3,1,0,43
🥖,joy,56,166,56,55,0,0,0,0,0,55
🥱,joy,40,166,40,14,8,3,16,38,35,12
🤚,sadness,46,165,43,25,12,2,46,8,3,26
➡,joy,51,165,51,50,1,0,3,10,4,46
🍭,joy,58,165,58,58,0,0,0,0,0,49
🚀,joy,53,164,53,47,0,13,0,1,0,50
🍒,joy,71,164,71,48,0,4,1,0,0,40
🩶,trust,63,163,62,63,1,3,4,0,1,29
🌥,joy,66,162,66,65,0,0,0,0,0,31
🗣,joy,49,162,49,34,1,13,6,14,12,33
😕,sadness,45,161,28,18,7,6,45,18,8,31
📷,joy,55,161,55,55,0,0,3,0,0,48
😟,sadness,46,159,13,10,33,18,46,13,6,20
💤,joy,59,159,59,56,0,0,2,2,0,40
🏾,joy,51,158,51,34,9,4,7,12,6,35
📢,joy,53,155,53,41,2,9,0,2,2,46
🍔,joy,56,155,56,50,1,4,0,2,1,41
🎁,joy,52,153,52,52,0,7,0,0,0,42
🌶,joy,56,153,56,49,0,5,10,2,0,31
💅,joy,63,152,63,40,2,4,3,4,2,34
🤕,sadness,32,149,29,10,19,5,32,26,3,25
💰,trust,46,147,40,46,1,8,0,5,3,44
😈,joy,34,146,34,15,7,11,1,33,19,26
👁,joy,53,146,53,19,6,13,3,8,8,36
🌱,joy,56,145,56,38,4,3,3,1,1,39
🏖,joy,47,142,47,46,1,1,1,1,0,45
🐯,joy,57,139,57,40,0,5,8,0,0,29
👦,joy,49,138,49,45,5,5,6,0,0,28
🍏,joy,50,138,50,49,0,1,0,0,0,38
🚩,anger,49,138,12,5,3,0,6,48,49,15
👤,joy,51,137,51,36,4,3,6,3,0,34
🌾,joy,47,136,47,46,0,3,0,2,0,38
🍲,joy,56,136,56,41,0,4,1,1,0,33
🤒,sadness,46,135,15,9,8,1,46,25,11,20
🍍,joy,46,130,46,46,0,1,1,1,0,35
🏆,joy,43,129,43,42,0,2,1,0,0,41
🐺,joy,43,127,43,40,3,2,1,0,5,33
🍵,joy,45,124,45,45,0,4,4,1,0,25
🎶,joy,51,123,51,36,0,3,6,1,0,26
🥘,joy,43,123,43,41,0,0,2,0,0,37
🌚,joy,46,122,46,25,4,6,2,9,9,21
💢,anticipation,34,122,30,10,3,4,8,8,25,34
🥂,joy,51,122,51,36,1,0,1,2,2,29
🙊,joy,51,119,51,18,2,15,4,8,3,18
🐸,joy,35,119,35,17,7,8,3,22,9,18
🍕,joy,41,118,41,36,1,1,1,1,1,36
💎,joy,49,118,49,34,0,0,2,0,1,32
🐾,joy,47,118,47,47,0,0,0,0,0,24
🌺,joy,45,117,45,43,0,1,1,0,1,26
👶,joy,49,117,49,42,0,2,0,1,2,21
🍐,joy,42,117,42,42,0,2,0,0,0,31
🐷,joy,32,117,32,10,13,0,3,31,10,18
📝,joy,40,116,40,35,1,4,4,0,0,32
🍁,joy,39,115,39,38,0,0,0,1,0,37
❎,anticipation,25,115,24,14,9,2,15,15,11,25
🍗,joy,46,114,46,38,0,0,0,1,0,29
🤛,joy,44,114,44,37,2,4,3,2,0,22
⛔,joy,37,114,37,28,0,13,1,0,0,35
🦖,joy,39,114,39,32,2,3,6,0,1,31
💆,joy,41,112,41,16,4,5,8,11,7,20
🌈,joy,42,112,42,40,0,2,0,1,1,26
🦄,joy,43,111,43,41,0,0,0,0,0,27
🥀,sadness,59,111,12,11,3,1,59,5,7,13
🌄,joy,39,109,39,38,0,1,0,0,0,31
🚶,joy,46,108,46,19,5,6,2,5,2,23
🔔,joy,35,108,35,35,0,3,0,1,2,32
🥨,joy,38,107,38,38,0,0,0,0,0,31
🎈,joy,47,107,47,39,0,9,1,1,0,10
🍃,joy,45,106,45,34,1,1,1,0,0,24
🍟,joy,39,103,39,35,1,1,1,2,1,23
🗓,anticipation,34,101,30,32,0,5,0,0,0,34
🧋,joy,35,100,35,29,1,1,2,2,1,29
💧,joy,25,100,25,24,9,1,19,2,0,20
🦹,joy,33,98,33,29,0,4,0,0,0,32
🍑,joy,38,97,38,35,0,2,1,0,0,21
🎅,joy,38,96,38,38,0,0,0,0,0,20
🔗,trust,37,96,34,37,0,0,0,1,1,23
🤑,joy,43,96,43,23,0,4,0,11,4,11
🌅,joy,33,96,33,32,0,0,0,1,0,30
🍂,joy,33,95,33,32,0,0,0,0,0,30
🎊,joy,33,93,33,33,0,2,0,0,0,25
👆,joy,26,93,26,12,7,2,19,8,3,16
🐹,joy,36,92,36,29,0,1,2,6,0,18
🔫,joy,24,92,24,11,8,2,20,5,8,14
👯,anticipation,32,89,31,24,0,2,0,0,0,32
🧏,joy,33,88,33,28,0,1,0,0,0,26
🍺,joy,32,87,32,17,7,5,4,7,4,11
📲,joy,28,86,28,28,0,9,0,0,0,21
🛐,joy,24,86,24,10,3,6,12,13,2,16
✍,anticipation,28,85,27,25,0,0,1,3,1,28
⏰,anticipation,29,85,25,27,0,4,0,0,0,29
🐧,joy,32,84,32,26,1,1,1,0,0,23
🤺,trust,28,84,27,28,0,2,2,3,2,20
🥡,joy,29,84,29,26,0,0,0,1,0,28
🛌,joy,29,84,29,27,0,5,0,0,0,23
⚡,joy,28,83,28,22,0,2,2,1,0,28
🍦,joy,32,83,32,26,0,2,0,0,0,23
🧒,joy,33,81,33,29,2,7,2,0,0,8
🍙,joy,35,81,35,24,0,1,1,0,0,20
🍉,joy,31,80,31,27,0,3,0,0,0,19
🤠,joy,30,80,30,15,0,1,6,1,1,26
🌧,joy,29,80,29,28,2,2,1,0,0,18
🏠,joy,28,79,28,27,0,0,1,0,0,23
🥟,joy,28,78,28,24,0,3,0,2,0,21
🍌,joy,32,78,32,23,0,2,1,2,1,17
🫤,anticipation,18,77,9,5,11,4,10,13,7,18
🤞,joy,26,77,26,16,1,3,5,1,2,23
🤜,joy,30,77,30,23,1,4,2,0,2,15
🦌,joy,39,76,39,18,0,0,0,0,0,19
☃,joy,28,76,28,26,0,1,1,0,0,20
💵,anticipation,25,76,20,24,1,2,2,1,1,25
🫨,joy,23,73,23,10,2,10,1,8,4,15
🌊,joy,26,72,26,25,0,2,1,0,0,18
👺,anger,21,72,9,5,2,4,5,17,21,9
🌿,joy,25,71,25,21,0,6,2,1,0,16
🐬,joy,29,71,29,22,0,2,0,0,0,18
🍢,joy,24,71,24,23,0,1,0,0,0,23
🔨,disgust,19,70,18,3,5,1,1,19,15,8
👹,disgust,16,70,14,7,3,3,3,16,13,11
🔞,anticipation,23,70,16,6,1,4,2,16,2,23
🛒,joy,23,70,23,22,0,3,0,0,0,22
😧,sadness,13,69,11,9,10,6,13,7,1,12
🌝,joy,32,69,32,18,2,1,1,3,0,12
🌫,joy,19,69,19,9,5,4,11,7,3,11
👄,joy,25,68,25,11,2,5,0,3,3,19
👱,joy,21,67,21,20,0,4,0,3,3,16
🥢,joy,25,67,25,22,0,2,0,0,0,18
🍥,joy,23,65,23,22,0,1,0,0,0,19
🧼,joy,29,63,29,23,0,0,0,1,0,10
🫦,joy,23,63,23,21,1,6,0,2,0,10
🍡,joy,26,62,26,18,0,3,0,1,0,14
🍿,joy,25,62,25,16,1,1,1,0,0,18
👐,joy,23,60,23,19,0,0,0,1,1,16
🐕,joy,20,60,20,18,0,0,3,6,4,9
🔛,joy,20,59,20,20,0,0,0,0,0,19
🐳,joy,22,59,22,21,0,3,0,0,0,13
⚔,joy,21,59,21,17,2,1,5,0,0,13
🧖,joy,21,58,21,19,0,1,0,0,0,17
🍧,joy,19,58,19,18,0,3,0,0,0,18
🦥,joy,20,58,20,20,0,0,0,0,0,18
🖇,joy,21,58,21,19,0,2,0,1,0,15
🌬,joy,20,58,20,12,0,7,2,0,1,16
📉,joy,16,58,16,6,2,0,15,3,1,15
🥙,joy,20,57,20,18,0,0,1,0,0,18
🍣,joy,24,57,24,23,0,0,0,0,0,10
👿,anger,18,57,11,4,2,1,2,11,18,8
🐊,joy,18,56,18,15,5,1,2,1,0,14
❄,trust,20,55,19,20,0,1,0,1,0,14
😦,anticipation,12,55,10,5,1,6,10,11,0,12
🎵,joy,21,54,21,16,0,2,4,0,0,11
🍷,joy,21,54,21,14,1,2,3,0,0,13
🥐,joy,20,53,20,16,0,0,0,0,0,17
🦾,joy,18,53,18,18,2,1,0,2,0,12
🦆,joy,21,53,21,14,0,0,2,1,0,15
🤐,joy,16,53,16,7,2,1,4,9,3,11
🚑,joy,17,53,17,12,4,11,1,3,0,5
🌮,joy,18,52,18,15,1,0,1,1,1,15
🐙,joy,25,51,25,23,0,0,1,0,0,2
👑,joy,17,51,17,17,0,1,3,1,0,12
🍨,joy,18,50,18,17,0,0,0,0,0,15
👽,joy,13,50,13,6,3,2,8,4,3,11
☘,joy,22,50,22,15,0,0,0,1,0,12
🐔,joy,12,50,12,8,0,3,4,6,5,12
📎,joy,19,50,19,14,0,2,1,0,0,14
🥩,joy,19,50,19,12,0,5,0,0,0,14
©,joy,20,49,20,15,0,2,1,0,0,11
🐫,disgust,13,49,11,3,3,0,5,13,9,5
🙅,disgust,21,48,10,6,1,0,4,21,0,6
💉,disgust,14,48,1,0,9,7,6,14,6,5
🥭,joy,20,48,20,10,0,2,0,0,0,16
🦉,joy,16,48,16,15,0,2,0,0,0,15
🏡,joy,16,48,16,16,0,0,2,2,1,11
🥸,joy,15,47,15,9,2,0,5,7,0,9
🐨,joy,20,47,20,17,1,2,0,0,0,7
🐍,fear,11,47,9,3,11,6,6,4,0,8
🍸,joy,19,47,19,13,0,1,0,1,1,12
🍪,joy,18,47,18,16,0,1,0,0,0,12
🧔,joy,18,46,18,13,2,3,1,2,0,7
🏋,joy,15,46,15,15,1,0,0,0,0,15
🐟,joy,17,45,17,12,0,5,1,1,0,9
👸,joy,13,45,13,10,0,9,8,0,0,5
🍬,joy,18,45,18,14,0,2,0,0,0,11
🧁,joy,16,44,16,16,0,0,0,0,0,12
🕌,trust,16,44,14,16,0,1,0,0,0,13
🐖,joy,16,44,16,9,0,1,0,5,0,13
🪄,joy,17,43,17,13,0,1,0,0,0,12
📞,trust,17,43,13,17,1,0,1,0,0,11
🐐,joy,15,43,15,14,0,0,0,1,1,12
🔪,sadness,11,43,5,3,3,0,11,8,8,5
🦱,joy,17,43,17,16,0,0,3,0,0,7
🅰,joy,15,43,15,15,0,0,0,0,0,13
🦰,joy,21,43,21,12,0,0,1,0,0,9
🐮,joy,13,42,13,10,1,3,1,2,3,9
🦀,joy,14,42,14,11,0,5,0,1,0,11
🧊,joy,15,42,15,12,1,2,1,0,1,10
🐒,anticipation,12,42,10,7,0,3,2,3,5,12
🌴,joy,16,42,16,15,0,2,0,2,1,6
🐝,joy,17,42,17,15,0,0,0,0,0,10
🍩,joy,16,42,16,15,0,0,1,0,0,10
💊,trust,15,41,13,15,0,1,1,2,1,8
🥑,joy,17,40,17,15,0,1,0,0,0,7
🌪,anticipation,14,40,11,11,0,0,4,0,0,14
➖,trust,23,39,8,23,0,0,0,0,0,8
🚛,joy,13,39,13,13,0,0,0,0,0,13
⛸,joy,13,39,13,13,0,0,0,0,0,13
📨,trust,13,39,12,13,0,1,0,1,2,10
🥃,joy,14,39,14,11,0,0,2,0,0,12
🏎,joy,13,39,13,13,0,0,0,0,0,13
🦔,joy,12,39,12,11,0,3,1,0,0,12
🍮,joy,14,38,14,11,0,0,0,1,0,12
🍇,joy,15,38,15,13,0,1,0,0,0,9
🍆,joy,14,38,14,9,0,2,1,5,2,5
🎠,joy,16,38,16,11,0,5,0,0,0,6
🥦,joy,16,37,16,11,0,0,0,2,0,8
🙎,joy,15,37,15,7,0,3,3,2,1,6
🔴,anticipation,13,37,10,10,1,2,1,0,0,13
⬇,trust,11,37,7,11,2,0,3,2,2,10
🚚,joy,13,37,13,12,0,0,0,0,0,12
🍖,joy,13,37,13,13,0,1,0,1,0,9
🐼,joy,17,36,17,7,1,0,2,1,0,8
🦭,joy,14,36,14,6,1,0,0,2,1,12
🎄,joy,12,36,12,12,0,2,0,0,0,10
🤵,joy,12,35,12,12,0,0,0,2,1,8
🙉,joy,11,35,11,4,3,5,1,3,1,7
⚕,trust,12,35,9,12,4,0,4,2,0,4
🫥,joy,8,35,8,4,3,1,2,7,5,5
🏷,joy,14,35,14,8,0,0,1,0,0,12
👥,joy,10,33,10,6,0,5,3,0,0,9
🥯,joy,12,33,12,11,0,0,0,1,0,9
🍅,joy,14,33,14,11,0,1,0,0,0,7
🌃,trust,12,33,11,12,0,0,0,0,0,10
🦸,joy,13,32,13,11,0,0,0,0,0,8
🎥,anticipation,14,32,10,5,0,1,0,1,1,14
🔸,trust,12,32,10,12,0,0,0,0,0,10
🚫,anticipation,11,32,4,6,1,1,0,8,1,11
🍋,joy,11,32,11,11,0,1,0,0,0,9
🎪,joy,10,32,10,10,0,3,0,0,0,9
🫐,trust,12,32,11,12,0,1,0,0,0,8
🧉,joy,12,31,12,11,0,0,0,1,0,7
🧠,joy,11,31,11,8,1,1,2,2,2,4
🏝,joy,12,31,12,12,0,0,0,0,0,7
🧃,joy,11,30,11,10,0,1,0,1,0,7
🦁,anticipation,12,30,8,8,0,0,0,1,1,12
🍈,joy,11,30,11,7,0,4,0,0,0,8
☂,trust,11,30,10,11,0,0,0,0,0,9
👼,joy,12,30,12,8,0,4,1,0,0,5
🥬,anticipation,10,29,8,8,0,0,0,3,0,10
📚,joy,10,29,10,10,0,1,0,0,0,8
🦦,joy,11,29,11,7,1,0,0,0,0,10
☪,joy,11,29,11,11,0,0,0,0,0,7
🏊,anticipation,9,29,8,7,3,0,0,1,1,9
🐑,joy,9,29,9,8,1,1,1,0,0,9
〰,joy,11,29,11,8,0,1,0,0,0,9
🥇,joy,10,29,10,10,0,2,0,0,0,7
🚴,joy,10,29,10,10,0,0,0,0,0,9
🟨,joy,13,28,13,0,1,0,0,1,0,13
🦈,joy,10,28,10,9,0,3,0,0,0,6
👅,joy,9,28,9,6,0,1,1,4,1,6
🍯,joy,11,28,11,10,0,0,0,0,0,7
🤰,joy,11,28,11,9,1,0,1,1,0,5
🔊,trust,13,28,10,13,0,0,0,0,0,5
🦕,joy,11,27,11,7,0,2,0,0,0,7
🚬,joy,10,27,10,3,0,1,2,1,1,9
💣,anticipation,5,27,4,2,4,2,3,4,3,5
🦳,joy,9,27,9,8,2,0,3,2,0,3
🦲,joy,13,27,13,6,0,5,0,0,0,3
🍾,joy,9,27,9,5,2,1,1,1,3,5
🥁,joy,10,27,10,9,0,1,0,0,0,7
📺,joy,9,27,9,7,0,1,1,1,1,7
🌐,anticipation,10,26,5,4,1,1,2,2,1,10
🪷,joy,8,26,8,8,0,3,0,0,0,7
☎,trust,10,26,9,10,0,0,0,0,0,7
⬜,joy,13,26,13,0,0,0,0,0,0,13
🛎,anticipation,9,26,8,8,0,1,0,0,0,9
📹,joy,9,26,9,8,1,1,0,1,0,6
🙍,joy,11,26,11,3,1,0,4,3,2,2
💄,joy,10,26,10,7,1,0,0,0,0,8
🐭,disgust,7,25,4,4,0,0,2,7,6,2
🧀,joy,9,25,9,8,0,0,0,0,0,8
🎙,joy,9,25,9,8,0,2,0,0,0,6
🐢,joy,9,25,9,7,1,0,1,1,0,6
📩,joy,11,25,11,10,0,0,0,0,0,4
🐜,joy,11,25,11,6,1,1,2,0,0,4
🧆,joy,8,24,8,7,0,2,0,0,0,7
🎤,joy,8,24,8,7,0,1,1,0,0,7
🥚,joy,9,24,9,9,0,0,0,1,0,5
🎓,anticipation,8,24,4,3,5,0,4,0,0,8
🏹,joy,11,24,11,11,0,0,0,0,0,2
💳,joy,8,23,8,8,0,0,0,0,0,7
🍤,joy,10,23,10,10,0,0,0,0,0,3
▪,joy,7,23,7,7,2,0,0,0,0,7
🎮,joy,8,23,8,7,0,0,0,0,0,8
🛴,joy,9,23,9,8,0,0,0,0,0,6
🌯,joy,9,23,9,7,0,0,0,1,0,6
🪵,joy,7,23,7,7,0,2,0,0,0,7
🧌,joy,9,23,9,6,1,0,0,1,0,6
🌭,joy,10,23,10,8,0,0,0,0,0,5
👮,joy,6,22,6,5,1,2,0,2,1,5
🫲,joy,6,22,6,5,2,1,1,1,0,6
⚪,joy,6,22,6,6,1,1,3,0,0,5
⛄,joy,8,22,8,7,0,0,0,0,0,7
✈,joy,7,22,7,7,1,0,0,0,0,7
🐎,joy,9,22,9,4,0,0,1,0,0,8
🪐,joy,8,21,8,6,0,0,2,0,0,5
🕴,joy,6,21,6,6,0,0,0,3,0,6
🔁,joy,8,21,8,6,1,0,2,1,0,3
🛍,joy,7,21,7,7,0,1,0,0,0,6
🌏,joy,8,21,8,7,0,1,0,0,0,5
🎸,joy,6,21,6,6,0,4,0,0,0,5
🥥,joy,8,21,8,7,0,2,0,0,0,4
👫,joy,8,21,8,7,0,1,0,0,0,5
🦯,joy,6,21,6,5,1,2,3,2,0,2
⏳,joy,6,20,6,6,0,0,1,1,0,6
📆,anticipation,6,20,5,4,2,1,0,2,0,6
🦧,sadness,6,20,1,1,3,0,6,0,6,3
🌌,joy,6,20,6,6,0,1,1,0,0,6
🐄,joy,9,20,9,3,1,0,0,2,2,3
🔆,joy,7,20,7,6,1,0,0,0,0,6
🥄,joy,10,20,10,6,0,0,0,0,0,4
🌳,joy,7,19,7,4,0,0,0,2,0,6
📣,trust,9,19,2,9,0,0,0,0,0,8
🐽,joy,6,19,6,3,1,1,1,4,1,2
👾,joy,7,19,7,5,0,0,0,1,0,6
💠,trust,10,19,5,10,0,1,0,0,0,3
🌀,joy,7,19,7,5,0,0,1,0,0,6
✏,disgust,5,19,4,3,0,0,0,5,5,2
🚗,joy,10,19,10,4,0,0,0,0,1,4
🎐,joy,9,19,9,3,0,4,0,0,0,3
🚿,joy,7,19,7,7,0,0,0,0,0,5
🤳,joy,6,19,6,5,0,1,1,0,0,6
🏍,surprise,5,18,4,3,0,5,2,0,0,4
🩸,surprise,4,18,3,1,2,4,2,2,0,4
🧟,joy,5,18,5,2,0,1,3,2,0,5
🎼,joy,7,18,7,7,0,0,0,2,0,2
🦐,joy,7,18,7,6,0,2,0,0,0,3
🫱,joy,6,18,6,3,2,1,1,1,0,4
👰,joy,6,18,6,6,0,1,0,1,0,4
🎯,joy,5,18,5,5,0,2,0,2,0,4
🥝,joy,9,18,9,5,0,1,0,0,0,3
🌁,joy,5,17,5,5,0,2,0,0,0,5
🥠,joy,7,17,7,6,0,0,0,0,0,4
🔺,joy,10,17,10,5,0,0,0,1,0,1
🧬,fear,4,17,0,0,4,4,3,3,2,1
🐵,anticipation,7,17,6,4,0,0,0,0,0,7
☣,fear,4,17,0,0,4,4,3,3,2,1
🏄,joy,6,17,6,5,0,1,0,0,0,5
⚾,joy,6,17,6,6,0,0,0,0,0,5
🚙,joy,6,17,6,6,0,0,0,0,0,5
🫀,joy,7,17,7,5,0,0,0,0,0,5
⤵,anticipation,8,16,5,3,0,0,0,0,0,8
🌛,anticipation,6,16,5,4,0,0,1,0,0,6
🎬,joy,7,16,7,4,0,0,0,1,0,4
🥓,joy,7,16,7,5,0,1,0,0,0,3
🥕,joy,7,16,7,5,0,2,0,0,0,2
📅,trust,6,16,5,6,0,0,0,0,0,5
♨,joy,6,16,6,5,0,1,0,0,0,4
⚽,joy,5,16,5,3,0,2,0,1,1,4
🧞,joy,8,16,8,0,0,6,0,0,1,1
🐉,joy,5,16,5,5,1,0,0,0,0,5
🔮,joy,5,16,5,5,0,1,0,0,0,5
🔹,trust,8,16,3,8,0,0,0,0,0,5
🫖,joy,6,15,6,6,0,0,0,0,0,3
🫴,joy,5,15,5,5,0,0,0,1,0,4
🦎,joy,5,15,5,1,2,1,0,2,2,2
🦶,sadness,6,15,2,1,1,0,6,1,1,3
🍠,joy,6,15,6,5,0,1,0,0,0,3
💍,joy,5,15,5,5,0,0,0,0,0,5
🫸,joy,6,15,6,5,0,0,1,1,0,2
🐠,joy,6,15,6,3,0,1,0,0,0,5
🤥,anticipation,5,15,4,1,1,2,1,1,0,5
🎟,joy,5,15,5,5,0,0,0,0,0,5
🕙,joy,6,15,6,2,0,5,0,0,0,2
🎏,joy,7,15,7,1,0,5,0,0,0,2
🚌,anticipation,6,15,4,2,0,3,0,0,0,6
⭕,joy,6,15,6,1,0,0,0,4,0,4
🌽,joy,5,15,5,4,1,0,1,1,0,3
🖼,joy,5,15,5,4,0,1,0,0,0,5
🗡,joy,8,15,8,2,2,0,0,0,1,2
☔,joy,6,15,6,2,0,5,0,0,0,2
🧇,joy,6,14,6,5,0,0,0,0,0,3
🧧,joy,6,14,6,5,0,0,0,0,0,3
🖖,joy,6,14,6,4,0,1,1,0,0,2
🕯,joy,4,14,4,4,0,1,2,0,0,3
🏫,joy,5,14,5,4,0,0,0,1,1,3
👵,joy,7,14,7,4,1,1,0,0,0,1
🥷,joy,5,14,5,5,0,0,0,0,0,4
▶,anticipation,7,14,3,4,0,0,0,0,0,7
🤖,joy,5,14,5,2,0,1,1,1,1,3
🎃,anticipation,7,13,1,1,0,0,1,1,2,7
🎡,joy,4,13,4,4,0,1,0,0,0,4
🦍,anticipation,5,13,3,3,0,0,0,1,1,5
🦙,joy,4,13,4,4,0,1,0,0,0,4
🥫,anticipation,5,13,4,4,0,0,0,0,0,5
🪞,joy,4,13,4,4,0,1,0,0,0,4
🔜,anticipation,5,13,4,4,0,0,0,0,0,5
🏂,joy,6,13,6,6,0,0,0,0,0,1
🚰,joy,6,13,6,4,0,0,0,0,0,3
🕷,joy,3,13,3,3,2,0,2,0,0,3
🆒,joy,5,13,5,5,0,0,0,0,0,3
🐓,anticipation,7,13,4,2,0,0,0,0,0,7
🪂,joy,4,12,4,1,0,3,0,0,0,4
⏲,trust,4,12,3,4,0,1,0,0,0,4
🗽,joy,8,12,8,4,0,0,0,0,0,0
🐏,anticipation,3,12,3,3,1,1,1,0,0,3
✖,joy,7,12,7,1,1,0,1,1,0,1
💮,joy,5,12,5,5,0,0,0,0,0,2
🏥,anticipation,3,12,3,2,2,0,0,2,0,3
🦃,joy,3,12,3,3,0,3,0,0,0,3
🪴,joy,4,12,4,2,0,2,0,2,0,2
🫒,joy,4,12,4,4,0,2,0,0,0,2
🔽,anticipation,5,12,2,2,0,0,0,0,3,5
🔎,joy,5,12,5,4,0,1,0,0,0,2
🤼,anticipation,6,12,5,0,0,0,1,0,0,6
🥧,anticipation,5,12,3,3,0,0,0,1,0,5
🏁,joy,4,12,4,4,0,0,1,0,0,3
♾,joy,4,12,4,4,0,0,0,0,0,4
⏩,anticipation,4,12,3,0,1,1,0,2,1,4
🧵,joy,4,11,4,2,1,0,0,1,0,3
🧾,joy,4,11,4,4,0,0,0,0,0,3
🍄,joy,3,11,3,3,0,1,0,1,0,3
🐦,anticipation,4,11,3,3,0,0,1,0,0,4
⛓,joy,5,11,5,1,1,0,1,0,0,3
🚭,joy,4,11,4,3,0,0,0,1,0,3
🐲,joy,4,11,4,3,0,1,0,0,0,3
🏛,joy,3,11,3,1,0,2,0,0,2,3
🛻,joy,3,11,3,3,0,2,0,0,0,3
🦗,joy,5,11,5,0,0,5,0,0,0,1
⏬,anticipation,6,11,4,0,1,0,0,0,0,6
🎢,joy,3,11,3,3,0,2,0,0,0,3
🎨,anticipation,5,11,4,2,0,0,0,0,0,5
🌜,joy,4,11,4,4,0,1,1,0,0,1
👣,joy,5,11,5,4,0,0,0,0,0,2
🔶,joy,5,10,5,3,0,0,0,0,0,2
🐌,anticipation,3,10,3,2,0,0,1,1,0,3
🧙,joy,5,10,5,0,0,0,0,0,0,5
🫔,joy,3,10,3,3,0,1,0,0,0,3
🐂,joy,2,10,2,2,0,0,1,1,2,2
👔,fear,3,10,0,1,3,0,3,0,0,3
🧴,joy,4,10,4,3,0,1,0,0,0,2
🩺,trust,4,10,2,4,0,0,1,0,0,3
🕐,anticipation,4,10,3,3,0,0,0,0,0,4
🚦,joy,3,10,3,3,0,2,0,0,0,2
🔬,anticipation,4,10,3,3,0,0,0,0,0,4
🥜,joy,5,10,5,3,0,0,0,0,0,2
🥔,joy,3,10,3,3,0,2,0,0,0,2
🦑,joy,3,10,3,3,0,1,0,0,0,3
💻,joy,3,10,3,3,1,0,0,0,0,3
🦢,joy,4,10,4,4,0,0,0,0,0,2
🔝,anticipation,6,10,2,2,0,0,0,0,0,6
❇,joy,4,10,4,4,0,0,0,0,0,2
🟩,joy,4,10,4,0,1,0,0,1,0,4
🥮,joy,3,9,3,3,0,1,0,0,0,2
🐤,joy,3,9,3,2,0,0,1,0,0,3
📰,joy,3,9,3,2,1,1,0,0,0,2
🥒,disgust,4,9,2,2,0,1,0,4,0,0
⚓,joy,3,9,3,3,0,1,0,0,0,2
🪦,sadness,3,9,2,1,1,1,3,1,0,0
🔈,joy,4,9,4,3,0,0,0,0,0,2
🫘,joy,3,9,3,3,0,1,0,0,0,2
🎇,joy,3,9,3,3,0,0,0,0,0,3
🦜,sadness,5,9,0,0,3,0,5,0,0,1
📛,joy,3,9,3,3,0,0,0,0,0,3
®,joy,5,9,5,1,1,0,0,0,0,2
🎗,joy,3,9,3,1,1,0,1,0,0,3
🛝,joy,3,9,3,3,0,0,0,0,0,3
⛲,joy,3,9,3,3,0,0,0,0,0,3
💼,trust,3,9,2,3,1,0,0,0,0,3
🎍,anticipation,3,9,2,2,1,0,0,1,0,3
🌉,joy,3,9,3,3,0,0,0,0,0,3
🧿,joy,3,9,3,1,0,3,0,0,0,2
🧤,joy,3,9,3,3,0,0,0,0,0,3
🆙,joy,3,9,3,3,0,0,0,0,0,3
👭,joy,3,9,3,2,0,1,0,1,0,2
🫑,joy,3,9,3,3,0,1,0,0,0,2
☢,sadness,3,9,1,1,2,2,3,0,0,0
🐘,joy,3,9,3,3,0,0,0,0,0,3
🧂,surprise,4,9,0,0,0,4,1,1,1,2
🪙,joy,3,8,3,3,0,0,0,0,0,2
🧜,joy,3,8,3,3,0,0,0,0,0,2
🌠,joy,3,8,3,3,0,0,0,0,0,2
🐁,joy,2,8,2,2,0,0,2,1,0,1
🪱,fear,2,8,0,0,2,0,2,1,2,1
🆎,disgust,3,8,2,0,0,1,0,3,2,0
🌍,joy,3,8,3,3,0,0,0,0,0,2
🥉,joy,6,8,6,0,0,0,0,0,0,2
⚜,joy,2,8,2,2,0,2,0,0,0,2
📱,trust,4,8,2,4,0,0,0,0,0,2
📽,joy,5,8,5,0,0,1,0,0,0,2
🐛,joy,2,8,2,1,1,0,2,0,0,2
🫷,anticipation,3,8,2,1,1,0,1,0,0,3
🧅,joy,3,8,3,3,0,1,0,0,0,1
🛑,anger,3,8,0,0,0,1,0,3,3,1
🌕,joy,5,8,5,2,0,0,0,0,0,1
🎎,joy,3,8,3,3,0,0,0,0,0,2
🐩,joy,3,8,3,1,0,0,0,2,1,1
✝,joy,2,8,2,2,1,0,0,0,1,2
✡,joy,3,8,3,3,0,0,0,1,1,0
⛱,joy,3,7,3,3,0,0,0,0,0,1
🦝,joy,3,7,3,3,0,0,0,0,0,1
🐪,joy,2,7,2,1,0,0,1,2,1,0
🧩,trust,3,7,2,3,0,0,0,0,0,2
🕑,joy,3,7,3,2,0,1,0,0,0,1
👷,joy,4,7,4,2,0,0,0,0,0,1
🚂,joy,2,7,2,2,0,2,0,0,0,1
⬆,sadness,2,7,1,1,0,1,2,1,0,1
➕,anticipation,3,7,2,2,0,0,0,0,0,3
🦏,anticipation,3,7,1,1,1,0,1,0,0,3
📖,joy,2,7,2,2,0,0,1,0,0,2
🦠,joy,2,7,2,2,0,0,1,1,0,1
🦞,joy,2,7,2,2,0,1,0,0,0,2
👂,anticipation,3,7,1,0,0,1,0,1,1,3
🚽,disgust,3,7,1,1,0,0,0,3,1,1
🦮,joy,4,7,4,1,0,0,0,1,0,1
🐀,disgust,3,7,0,0,1,0,0,3,2,1
🌵,joy,3,7,3,2,0,0,0,2,0,0
🌲,joy,3,7,3,1,0,0,0,2,0,1
🗒,trust,3,7,2,3,0,0,0,0,0,2
👕,trust,3,7,2,3,0,0,0,0,0,2
🅾,joy,2,6,2,2,0,0,0,0,0,2
🅱,joy,2,6,2,2,0,0,0,0,0,2
🌎,trust,2,6,1,2,0,1,0,0,0,2
♣,joy,2,6,2,2,0,0,0,0,2,0
🕒,joy,2,6,2,2,0,0,0,0,0,2
🚕,joy,2,6,2,2,0,1,0,0,0,1
🩰,joy,2,6,2,2,0,0,0,0,0,2
🧝,sadness,3,6,1,1,0,0,3,0,0,1
🪑,anticipation,3,6,1,1,1,0,0,0,0,3
🚈,joy,2,6,2,2,0,0,0,0,0,2
⬅,joy,2,6,2,2,0,0,0,0,0,2
📡,joy,2,6,2,2,0,0,0,0,0,2
📿,joy,4,6,4,0,1,0,0,0,0,1
🫳,joy,3,6,3,1,1,0,1,0,0,0
🔧,joy,2,6,2,2,0,0,0,0,0,2
🔲,joy,2,6,2,2,0,0,0,0,0,2
🔷,joy,3,6,3,1,0,0,0,0,0,2
🦛,joy,2,6,2,2,0,0,0,0,0,2
🚲,joy,2,6,2,2,0,0,0,0,0,2
🦷,surprise,2,6,1,1,0,2,2,0,0,0
🐴,joy,2,6,2,2,0,1,0,0,0,1
🐡,joy,2,6,2,2,0,1,0,0,0,1
📜,joy,2,6,2,2,0,1,0,0,0,1
📗,joy,2,6,2,2,0,0,0,0,0,2
🏞,joy,2,6,2,2,0,0,0,0,0,2
⛏,joy,4,6,4,0,0,1,0,0,1,0
🛠,joy,3,6,3,2,0,1,0,0,0,0
💶,joy,1,6,1,1,1,0,0,1,1,1
🧳,joy,2,6,2,2,0,0,0,0,0,2
🚜,joy,2,6,2,2,0,0,0,0,0,2
📒,joy,2,6,2,2,0,0,0,0,0,2
📓,joy,2,6,2,2,0,1,0,0,0,1
📑,joy,2,6,2,2,0,0,0,0,0,2
🏀,joy,2,6,2,2,0,0,0,0,0,2
📏,disgust,2,6,1,0,1,0,1,2,1,0
🦒,joy,2,6,2,1,0,0,0,1,1,1
🦅,joy,2,6,2,2,0,1,0,0,0,1
📤,joy,2,5,2,2,0,0,0,0,0,1
👃,joy,3,5,3,1,0,0,1,0,0,0
🏌,joy,2,5,2,2,0,1,0,0,0,0
🚼,joy,2,5,2,2,0,0,0,0,0,1
📊,trust,2,5,1,2,0,0,0,0,0,2
🔖,joy,2,5,2,2,0,0,0,0,0,1
🤱,joy,3,5,3,2,0,0,0,0,0,0
📘,joy,2,5,2,2,0,0,0,0,0,1
🥊,joy,2,5,2,1,0,0,1,0,0,1
🏅,joy,3,5,3,0,0,0,0,0,0,2
🔑,joy,2,5,2,2,0,0,0,0,0,1
👙,joy,1,5,1,1,0,1,1,0,0,1
🚢,joy,2,5,2,1,0,2,0,0,0,0
🐗,joy,2,5,2,2,0,0,0,0,0,1
🕳,sadness,3,5,0,0,0,0,3,2,0,0
🔻,joy,3,5,3,1,0,0,0,0,0,1
🗨,joy,2,5,2,2,0,0,0,0,0,1
🧽,joy,3,5,3,1,0,0,0,0,0,1
🕗,joy,2,5,2,1,0,0,0,0,0,2
💲,joy,2,5,2,2,0,0,0,0,0,1
⛷,joy,2,5,2,2,0,0,0,0,0,1
🕰,joy,2,5,2,2,0,0,0,0,0,1
🏨,joy,2,5,2,2,0,0,0,0,0,1
👳,joy,2,4,2,1,0,0,0,0,0,1
🫄,joy,2,4,2,1,0,0,0,0,0,1
☯,joy,2,4,2,0,0,0,1,0,0,1
🕕,anticipation,2,4,1,1,0,0,0,0,0,2
🚅,joy,1,4,1,1,0,1,0,0,0,1
🕛,anticipation,2,4,1,1,0,0,0,0,0,2
🚘,joy,3,4,3,1,0,0,0,0,0,0
🧶,joy,2,4,2,2,0,0,0,0,0,0
🕹,fear,1,4,0,0,1,1,1,0,0,1
👴,joy,1,4,1,1,0,0,0,1,0,1
🧭,joy,1,4,1,1,0,1,0,0,0,1
🎣,joy,1,4,1,1,0,1,0,0,0,1
🏸,joy,2,4,2,1,0,0,0,0,0,1
🗑,disgust,2,4,0,0,0,0,0,2,1,1
🐋,joy,2,4,2,2,0,0,0,0,0,0
🎧,joy,2,4,2,1,0,0,0,0,0,1
🌦,joy,2,4,2,2,0,0,0,0,0,0
🌡,joy,1,4,1,0,0,0,1,1,0,1
🌘,joy,2,4,2,1,0,0,0,0,0,1
🪔,joy,1,4,1,1,0,1,0,0,0,1
📁,joy,2,4,2,1,0,0,1,0,0,0
🦤,joy,2,4,2,0,0,0,0,0,0,2
🚷,joy,1,4,1,1,0,1,0,0,0,1
🚮,anger,2,4,0,0,0,0,0,2,2,0
🏘,joy,1,4,1,1,0,1,0,0,0,1
❔,joy,2,4,2,0,0,0,0,1,0,1
📋,trust,2,4,1,2,0,0,0,0,0,1
🏇,joy,2,4,2,2,0,0,0,0,0,0
📫,joy,1,4,1,1,0,1,0,0,0,1
🫗,joy,2,4,2,1,0,0,0,0,0,1
↕,sadness,1,4,1,0,0,0,1,1,0,1
🪩,joy,1,4,1,1,0,1,0,0,0,1
🎭,joy,2,4,2,1,0,1,0,0,0,0
⌚,anticipation,2,4,1,1,0,0,0,0,0,2
↪,joy,1,3,1,1,0,0,0,0,0,1
🎰,joy,2,3,2,0,0,0,0,0,0,1
🪻,joy,1,3,1,1,0,0,0,0,0,1
♻,trust,2,3,0,2,0,0,0,0,0,1
™,joy,1,3,1,1,0,0,0,0,0,1
🎩,joy,1,3,1,1,0,0,0,0,0,1
🪟,joy,1,3,1,1,0,0,0,0,0,1
🪧,joy,1,3,1,1,0,0,0,0,0,1
🎹,joy,1,3,1,1,0,0,0,0,0,1
📂,joy,1,3,1,1,0,0,0,0,0,1
🔍,anticipation,2,3,0,1,0,0,0,0,0,2
🔌,joy,1,3,1,1,0,1,0,0,0,0
🦓,joy,1,3,1,1,0,0,0,0,0,1
⛈,joy,1,3,1,0,0,0,1,0,0,1
🦘,joy,1,3,1,1,0,0,0,0,0,1
🏟,joy,1,3,1,1,0,0,0,0,0,1
🐞,joy,1,3,1,1,0,0,0,0,0,1
🤾,sadness,3,3,0,0,0,0,3,0,0,0
🐚,joy,1,3,1,1,0,0,0,0,0,1
🔄,joy,2,3,2,1,0,0,0,0,0,0
📻,joy,1,3,1,1,0,0,0,0,0,1
🤴,joy,1,3,1,1,0,1,0,0,0,0
🥈,joy,1,3,1,1,0,0,0,0,0,1
📮,joy,1,3,1,1,0,0,0,0,0,1
🕵,trust,1,3,0,1,0,1,0,0,0,1
🌂,anticipation,2,3,0,1,0,0,0,0,0,2
🖋,joy,1,3,1,1,0,0,0,0,0,1
🖍,joy,1,3,1,0,0,1,0,0,0,1
🐆,joy,1,3,1,1,0,0,0,0,0,1
🪀,joy,1,3,1,1,0,0,0,0,0,1
🧲,joy,1,3,1,1,0,0,0,0,0,1
🖥,joy,1,3,1,1,0,0,0,0,0,1
🌒,joy,1,3,1,1,0,0,0,0,0,1
🌇,fear,1,3,0,0,1,0,1,1,0,0
🫁,joy,1,3,1,1,0,0,1,0,0,0
🪸,joy,1,3,1,1,0,0,0,0,0,1
🗄,joy,1,3,1,1,0,0,0,0,0,1
🖨,joy,1,3,1,1,0,1,0,0,0,0
🌆,joy,1,3,1,1,0,0,0,0,0,1
📄,joy,1,3,1,1,0,0,0,0,0,1
✒,joy,1,3,1,1,0,0,0,0,0,1
🎒,anticipation,2,3,0,0,1,0,0,0,0,2
🦣,joy,1,3,1,1,0,0,0,0,0,1
🛶,joy,2,3,2,0,0,1,0,0,0,0
💷,fear,1,3,0,0,1,0,0,1,1,0
💿,joy,1,3,1,1,0,0,0,0,0,1
🎞,anger,1,3,1,1,0,0,0,0,1,0
🔱,joy,1,3,1,1,0,0,0,1,0,0
👗,joy,1,3,1,1,0,0,0,0,0,1
👠,joy,1,3,1,1,0,0,0,0,0,1
🪅,joy,1,3,1,1,0,0,0,0,0,1
🪓,joy,1,3,1,0,0,0,1,0,0,1
🫓,joy,1,3,1,1,0,0,0,0,0,1
👲,joy,2,3,2,1,0,0,0,0,0,0
🫕,joy,1,3,1,1,0,0,0,0,0,1
👬,joy,1,3,1,1,0,0,0,0,0,1
🚣,joy,1,3,1,0,1,0,0,0,1,0
🚪,joy,1,3,1,1,0,0,0,0,0,1
➿,joy,1,3,1,1,0,0,0,0,0,1
🚎,joy,1,3,1,1,0,0,0,0,0,1
🚒,joy,1,3,1,1,0,0,0,0,0,1
🧓,surprise,1,3,1,0,0,1,0,0,0,1
🧈,joy,1,3,1,1,0,0,0,0,0,1
🕘,joy,1,3,1,1,0,0,0,0,0,1
🏵,joy,1,3,1,1,0,0,0,0,0,1
♌,joy,1,3,1,1,0,0,0,0,0,1
🕎,joy,1,3,1,1,0,0,0,0,0,1
🎆,joy,1,3,1,1,0,0,0,0,0,1
🏩,joy,2,3,2,1,0,0,0,0,0,0
🛋,joy,1,3,1,1,0,0,0,0,0,1
🌖,joy,1,3,1,1,0,0,0,0,0,1
🔀,joy,1,2,1,0,0,0,0,0,0,1
🎾,joy,1,2,1,1,0,0,0,0,0,0
🔋,joy,1,2,1,1,0,0,0,0,0,0
🔓,joy,1,2,1,1,0,0,0,0,0,0
🔃,joy,1,2,1,0,0,0,0,0,0,1
🦇,joy,1,2,1,0,0,0,1,0,0,0
🪚,fear,1,2,0,0,1,0,0,0,0,1
↖,joy,2,2,2,0,0,0,0,0,0,0
⚗,disgust,2,2,0,0,0,0,0,2,0,0
🪫,joy,1,2,1,0,0,0,0,0,0,1
🪢,joy,1,2,1,1,0,0,0,0,0,0
⚖,sadness,1,2,0,0,0,0,1,1,0,0
↘,joy,2,2,2,0,0,0,0,0,0,0
☄,joy,1,2,1,1,0,0,0,0,0,0
⌛,joy,1,2,1,0,0,0,0,0,0,1
⛵,joy,1,2,1,1,0,0,0,0,0,0
🟰,sadness,1,2,0,0,0,0,1,0,1,0
🕶,joy,1,2,1,0,0,0,0,0,0,1
🧄,joy,1,2,1,1,0,0,0,0,0,0
🌋,anticipation,1,2,0,0,0,0,1,0,0,1
🆖,joy,2,2,2,0,0,0,0,0,0,0
🔟,trust,1,2,0,1,0,0,0,0,0,1
🏜,joy,1,2,1,1,0,0,0,0,0,0
🚝,joy,1,2,1,1,0,0,0,0,0,0
🆓,joy,1,2,1,0,0,0,0,0,0,1
🚏,joy,1,2,1,1,0,0,0,0,0,0
👜,joy,1,2,1,1,0,0,0,0,0,0
♟,joy,2,2,2,0,0,0,0,0,0,0
♓,joy,1,2,1,1,0,0,0,0,0,0
💑,joy,1,2,1,0,0,0,1,0,0,0
♠,joy,1,2,1,1,0,0,0,0,0,0
🚔,joy,1,2,1,0,0,0,0,0,0,1
👓,joy,1,2,1,1,0,0,0,0,0,0
🪲,joy,1,2,1,1,0,0,0,0,0,0
🗳,joy,1,2,1,1,0,0,0,0,0,0
🔵,disgust,1,2,0,0,0,0,0,1,0,1
🚾,disgust,1,2,0,0,0,0,0,1,0,1
🦼,joy,1,2,1,0,0,0,0,0,0,1
✳,joy,1,2,1,0,0,0,0,1,0,0
🔦,joy,1,2,1,1,0,0,0,0,0,0
🦡,joy,1,2,1,1,0,0,0,0,0,0
🏙,joy,1,2,1,1,0,0,0,0,0,0
🍘,joy,1,2,1,1,0,0,0,0,0,0
🦬,joy,1,2,1,1,0,0,0,0,0,0
🦪,fear,2,2,0,0,2,0,0,0,0,0
🦴,joy,1,2,1,1,0,0,0,0,0,0
↩,sadness,1,1,0,0,0,0,1,0,0,0
🪰,anticipation,1,1,0,0,0,0,0,0,0,1
↗,joy,1,1,1,0,0,0,0,0,0,0
⚰,joy,1,1,1,0,0,0,0,0,0,0
🪣,joy,1,1,1,0,0,0,0,0,0,0
🦺,joy,1,1,1,0,0,0,0,0,0,0
🛰,joy,1,1,1,0,0,0,0,0,0,0
🦿,joy,1,1,1,0,0,0,0,0,0,0
🦽,anticipation,1,1,0,0,0,0,0,0,0,1
🟢,anticipation,1,1,0,0,0,0,0,0,0,1
🟦,anticipation,1,1,0,0,0,0,0,0,0,1
⛹,joy,1,1,1,0,0,0,0,0,0,0
🏚,anticipation,1,1,0,0,0,0,0,0,0,1
🤹,joy,1,1,1,0,0,0,0,0,0,0
🏤,joy,1,1,1,0,0,0,0,0,0,0
🔕,joy,1,1,1,0,0,0,0,0,0,0
🔘,anticipation,1,1,0,0,0,0,0,0,0,1
🦂,sadness,1,1,0,0,0,0,1,0,0,0
⛑,anticipation,1,1,0,0,0,0,0,0,0,1
🔅,anticipation,1,1,0,0,0,0,0,0,0,1
🤿,disgust,1,1,0,0,0,0,0,1,0,0
📴,anticipation,1,1,0,0,0,0,0,0,0,1
🎻,sadness,1,1,0,0,0,0,1,0,0,0
🟠,trust,1,1,0,1,0,0,0,0,0,0
🟡,anticipation,1,1,0,0,0,0,0,0,0,1
🛜,joy,1,1,1,0,0,0,0,0,0,0
🏬,anticipation,1,1,0,0,0,0,0,0,0,1
🧢,trust,1,1,0,1,0,0,0,0,0,0
👒,joy,1,1,1,0,0,0,0,0,0,0
🚧,anticipation,1,1,0,0,0,0,0,0,0,1
🆘,sadness,1,1,0,0,0,0,1,0,0,0
🧹,joy,1,1,1,0,0,0,0,0,0,0
🕸,joy,1,1,1,0,0,0,0,0,0,0
🌰,joy,1,1,1,0,0,0,0,0,0,0
🌓,anticipation,1,1,0,0,0,0,0,0,0,1
